<?xml version="1.0" encoding="utf-8" ?>
<configuration>
    <appender name="consoleLog" class="ch.qos.logback.core.ConsoleAppender">
        <layout class="ch.qos.logback.classic.PatternLayout">
            <pattern>
                %d %msg%n
            </pattern>
        </layout>
    </appender>
    <!--保存日志文件-->
    <appender name="fileInfoLog" class="ch.qos.logback.core.rolling.RollingFileAppender">
        <!--  拒绝错误级别的日志  -->
        <filter class="ch.qos.logback.classic.filter.LevelFilter">
            <level>ERROR</level>
            <onMatch>DENY</onMatch>
            <onMismatch>ACCEPT</onMismatch>
        </filter>
        <encoder>
            <pattern>
                %d %msg%n
            </pattern>
        </encoder>
        <rollingPolicy class="ch.qos.logback.core.rolling.TimeBasedRollingPolicy">
            <fileNamePattern> /www/reserve_room_record-%d{'yyyy-MM-w'}.log</fileNamePattern>
        </rollingPolicy>
    </appender>
    <!--        保存日志文件      -->
    <appender name="fileErrorLog" class="ch.qos.logback.core.rolling.RollingFileAppender">
        <!--        只接授错误记录文件       -->
        <filter class="ch.qos.logback.classic.filter.ThresholdFilter">
            <level>ERROR</level>
        </filter>
        <encoder>
            <pattern>
                %d %c---%msg%n
            </pattern>
        </encoder>
        <rollingPolicy class="ch.qos.logback.core.rolling.TimeBasedRollingPolicy">
            <fileNamePattern>/www/reserve_room_error---%d{'yyyy-MM-w'}.log</fileNamePattern>
        </rollingPolicy>
    </appender>
    <!--日志级别-->
    <root level="info">
        <appender-ref ref="consoleLog"></appender-ref>
        <appender-ref ref="fileInfoLog"></appender-ref>
        <appender-ref ref="fileErrorLog"></appender-ref>
    </root>
</configuration>